"","class","mr","run","AO_live","AO_killed","RO_live","RO_killed","CO_live","CO_killed","SO_live","SO_killed","LO_live","LO_killed","AS_live","AS_killed","DL_live","DL_killed","total_timeouts","total_exceptions","total_live","total_killed","error_score","mutant_score"
"1","MethodCollection2","aggregate",1,0,21,0,5,0,1,0,0,0,4,0,4,0,10,0,0,0,45,Inf,1
"2","MethodCollection2","aggregate",2,0,26,0,5,0,1,0,0,0,4,0,0,0,9,0,0,0,45,Inf,1
"3","MethodCollection2","aggregate",3,0,10,0,12,0,2,0,0,0,6,0,4,0,7,0,0,0,41,Inf,1
"4","MethodCollection2","aggregate",4,0,10,0,12,0,2,0,0,0,6,0,4,0,7,0,0,0,41,Inf,1
"5","MethodCollection2","aggregate",5,0,10,0,12,0,2,0,0,0,6,0,4,0,7,0,0,0,41,Inf,1
"6","MethodCollection2","aggregate",6,5,354,2,66,0,13,0,0,0,4,0,12,3,123,0,0,10,572,Inf,0.98
"7","MethodCollection2","aggregate",7,0,20,0,5,0,1,0,0,0,5,0,0,0,8,0,0,0,39,Inf,1
"8","MethodCollection2","aggregate",8,1,39,0,17,0,3,0,0,0,7,0,8,0,20,0,0,1,94,Inf,0.99
"9","MethodCollection2","aggregate",9,2,99,0,17,0,4,0,0,0,11,0,12,3,38,0,0,5,181,Inf,0.97
"10","MethodCollection2","aggregate",10,0,11,0,13,0,3,0,0,0,6,0,0,0,8,0,0,0,41,Inf,1
"11","MethodCollection2","aggregate",11,0,39,0,19,0,6,0,0,1,5,0,4,0,18,0,0,1,91,Inf,0.99
"12","MethodCollection2","aggregate",12,0,37,0,5,0,1,0,0,0,4,0,0,1,15,0,0,1,62,Inf,0.98
"13","MethodCollection2","aggregate",13,1,179,0,29,0,5,0,0,0,32,0,8,0,83,0,0,1,336,Inf,1
"14","MethodCollection2","aggregate",14,1,40,0,5,0,1,0,0,0,5,0,0,0,18,0,0,1,69,Inf,0.99
"15","MethodCollection2","aggregate",15,0,27,0,5,0,1,0,0,0,5,0,4,0,13,0,0,0,55,Inf,1
"16","MethodCollection2","aggregate",16,0,17,0,23,0,11,0,0,0,6,0,0,1,22,0,0,1,79,Inf,0.99
"17","MethodCollection2","aggregate",17,1,116,0,17,0,4,0,0,0,12,1,15,0,57,0,0,2,221,Inf,0.99
"18","MethodCollection2","aggregate",18,0,83,1,53,0,17,0,0,0,26,0,0,0,35,0,0,1,214,Inf,1
"19","MethodCollection2","aggregate",19,0,23,0,5,0,1,0,0,0,5,1,3,0,11,0,0,1,48,Inf,0.98
"20","MethodCollection2","aggregate",1,0,5,1,3,1,0,0,0,0,2,0,2,0,4,3,12,2,16,1.33333333333333,0.89
"21","MethodCollection2","aggregate",2,2,26,2,14,1,2,0,0,0,4,0,0,1,18,8,31,6,64,2.06451612903226,0.91
"22","MethodCollection2","aggregate",3,8,34,5,14,0,4,0,0,0,7,0,4,2,22,17,50,15,85,1.7,0.85
"23","MethodCollection2","aggregate",4,1,9,1,10,0,2,0,0,0,3,0,0,0,7,1,9,2,31,3.44444444444444,0.94
"24","MethodCollection2","aggregate",5,1,25,0,16,1,2,0,0,0,3,0,0,1,13,6,36,3,59,1.63888888888889,0.95
"25","MethodCollection2","aggregate",6,0,9,1,3,0,1,0,0,0,2,1,3,1,7,2,16,3,25,1.5625,0.89
"26","MethodCollection2","aggregate",7,0,12,0,4,0,1,0,0,0,2,0,0,1,5,2,12,1,24,2,0.96
"27","MethodCollection2","aggregate",8,1,11,0,11,0,2,0,0,0,3,0,0,0,4,1,10,1,31,3.1,0.97
"28","MethodCollection2","aggregate",9,1,10,1,10,0,2,0,0,0,3,0,0,1,4,3,12,3,29,2.41666666666667,0.91
"29","MethodCollection2","aggregate",10,0,3,1,3,0,1,0,0,1,0,0,0,0,2,2,12,2,9,0.75,0.82
"30","MethodCollection2","aggregate",11,1,13,0,4,0,1,0,0,0,1,0,4,1,13,2,32,2,36,1.125,0.95
"31","MethodCollection2","aggregate",12,0,10,1,3,0,1,0,0,0,1,0,4,0,8,2,18,1,27,1.5,0.96
"32","MethodCollection2","aggregate",13,0,7,0,4,0,1,0,0,0,1,0,4,2,6,2,17,2,23,1.35294117647059,0.92
"33","MethodCollection2","aggregate",14,0,12,1,3,0,1,0,0,0,2,0,4,0,7,3,9,1,29,3.22222222222222,0.97
"34","MethodCollection2","aggregate",15,0,12,0,11,0,2,0,0,0,4,0,0,0,5,4,10,0,34,3.4,1
"35","MethodCollection2","aggregate",16,1,26,1,10,1,1,0,0,0,3,0,0,1,25,8,26,4,65,2.5,0.94
"36","MethodCollection2","aggregate",17,2,65,0,8,0,2,0,0,0,4,0,0,4,26,6,21,6,105,5,0.95
"37","MethodCollection2","aggregate",18,1,16,1,15,0,3,0,0,0,4,0,0,2,12,10,30,4,50,1.66666666666667,0.93
"38","MethodCollection2","aggregate",19,2,8,1,3,0,1,0,0,0,3,1,1,0,6,3,12,4,22,1.83333333333333,0.85
"39","MethodCollection2","aggregate",20,0,15,1,3,1,0,0,0,0,3,0,2,2,8,3,18,4,31,1.72222222222222,0.89
"40","MethodCollection2","aggregate",21,7,48,2,21,0,4,0,0,0,6,0,0,1,36,11,51,10,115,2.25490196078431,0.92
"41","MethodCollection2","aggregate",22,0,3,0,5,0,1,0,0,0,1,0,0,1,3,0,14,1,13,0.928571428571429,0.93
"42","MethodCollection2","aggregate",23,4,18,0,4,1,0,0,0,0,1,0,8,2,12,3,19,7,43,2.26315789473684,0.86
"43","MethodCollection2","aggregate",24,0,10,1,10,0,2,0,0,0,3,0,0,0,6,3,9,1,31,3.44444444444444,0.97
"44","MethodCollection2","aggregate",25,2,19,2,16,0,3,0,0,0,5,0,0,0,8,3,24,4,51,2.125,0.93
"45","MethodCollection2","aggregate",26,0,8,0,11,1,1,0,0,0,1,0,0,0,5,5,22,1,26,1.18181818181818,0.96
"46","MethodCollection2","aggregate",27,0,7,1,10,0,2,0,0,0,1,0,0,0,5,5,23,1,25,1.08695652173913,0.96
"47","MethodCollection2","aggregate",28,0,6,1,10,0,2,0,0,0,2,0,0,1,5,3,9,2,25,2.77777777777778,0.93
"48","MethodCollection2","aggregate",29,1,5,2,9,2,0,0,0,1,1,0,0,1,5,3,9,7,20,2.22222222222222,0.74
"49","MethodCollection2","aggregate",30,1,5,0,11,1,1,0,0,0,2,0,0,1,5,3,14,3,24,1.71428571428571,0.89
"50","MethodCollection2","aggregate",1,0,5,0,4,0,1,0,0,0,2,0,2,0,4,3,12,0,18,1.5,1
"51","MethodCollection2","aggregate",2,3,25,1,15,0,3,0,0,0,5,0,0,3,15,6,33,7,63,1.90909090909091,0.9
"52","MethodCollection2","aggregate",3,3,39,2,18,0,4,0,0,0,9,0,6,0,25,16,45,5,101,2.24444444444444,0.95
"53","MethodCollection2","aggregate",4,0,10,3,8,0,2,0,0,0,3,0,0,0,7,1,9,3,30,3.33333333333333,0.91
"54","MethodCollection2","aggregate",5,2,24,0,16,0,3,0,0,0,3,0,0,3,11,6,36,5,57,1.58333333333333,0.92
"55","MethodCollection2","aggregate",6,0,9,0,4,0,1,0,0,0,2,0,4,0,8,2,16,0,28,1.75,1
"56","MethodCollection2","aggregate",7,1,11,0,4,0,1,0,0,0,2,0,0,2,4,2,12,3,22,1.83333333333333,0.88
"57","MethodCollection2","aggregate",8,0,12,1,10,0,2,0,0,0,3,0,0,0,4,1,10,1,31,3.1,0.97
"58","MethodCollection2","aggregate",9,0,10,2,9,0,2,0,0,0,3,0,0,0,5,3,13,2,29,2.23076923076923,0.94
"59","MethodCollection2","aggregate",10,0,4,0,4,0,1,0,0,0,1,0,0,0,2,2,11,0,12,1.09090909090909,1
"60","MethodCollection2","aggregate",11,0,14,1,3,0,1,0,0,0,1,0,4,0,14,2,32,1,37,1.15625,0.97
"61","MethodCollection2","aggregate",12,0,10,0,4,0,1,0,0,0,1,0,4,0,8,2,18,0,28,1.55555555555556,1
"62","MethodCollection2","aggregate",13,1,6,0,4,0,1,0,0,0,1,0,4,1,7,2,17,2,23,1.35294117647059,0.92
"63","MethodCollection2","aggregate",14,1,12,0,4,0,1,0,0,0,2,0,4,2,5,3,8,3,28,3.5,0.9
"64","MethodCollection2","aggregate",15,0,12,1,10,0,2,0,0,0,3,0,0,0,5,4,11,1,32,2.90909090909091,0.97
"65","MethodCollection2","aggregate",16,0,24,0,11,0,2,0,0,0,3,0,0,0,26,7,30,0,66,2.2,1
"66","MethodCollection2","aggregate",17,1,67,0,8,0,2,0,0,0,4,0,0,1,29,6,20,2,110,5.5,0.98
"67","MethodCollection2","aggregate",18,1,17,0,17,0,3,0,0,0,4,0,0,0,13,11,28,1,54,1.92857142857143,0.98
"68","MethodCollection2","aggregate",19,1,9,0,4,0,1,0,0,0,3,0,2,0,6,3,12,1,25,2.08333333333333,0.96
"69","MethodCollection2","aggregate",20,1,15,0,4,0,1,0,0,0,3,0,2,0,10,3,17,1,35,2.05882352941176,0.97
"70","MethodCollection2","aggregate",21,3,54,0,22,0,4,0,0,0,8,0,0,1,35,11,49,4,123,2.51020408163265,0.97
"71","MethodCollection2","aggregate",22,0,4,0,5,0,1,0,0,0,1,0,0,0,4,0,13,0,15,1.15384615384615,1
"72","MethodCollection2","aggregate",23,0,23,0,4,0,1,0,0,0,1,0,8,0,14,3,18,0,51,2.83333333333333,1
"73","MethodCollection2","aggregate",24,0,10,1,10,0,2,0,0,0,3,0,0,0,6,3,9,1,31,3.44444444444444,0.97
"74","MethodCollection2","aggregate",25,0,23,0,18,0,3,0,0,0,5,0,0,2,6,4,21,2,55,2.61904761904762,0.96
"75","MethodCollection2","aggregate",26,1,8,0,11,0,2,0,0,0,1,0,0,0,5,6,20,1,27,1.35,0.96
"76","MethodCollection2","aggregate",27,0,7,2,9,0,2,0,0,0,1,0,0,0,5,4,24,2,24,1,0.92
"77","MethodCollection2","aggregate",28,0,6,0,11,0,2,0,0,0,2,0,0,0,6,3,9,0,27,3,1
"78","MethodCollection2","aggregate",29,0,6,0,11,0,2,0,0,0,2,0,0,0,6,3,9,0,27,3,1
"79","MethodCollection2","aggregate",30,0,6,0,11,0,2,0,0,0,2,0,0,0,6,3,14,0,27,1.92857142857143,1
"80","MethodCollection2","aggregate",1,2,3,0,4,0,1,0,0,0,2,0,2,0,4,3,12,2,16,1.33333333333333,0.89
"81","MethodCollection2","aggregate",2,1,28,0,16,0,3,0,0,0,5,0,0,1,18,6,31,2,70,2.25806451612903,0.97
"82","MethodCollection2","aggregate",3,5,35,8,11,1,3,0,0,0,7,0,5,3,22,15,52,17,83,1.59615384615385,0.83
"83","MethodCollection2","aggregate",4,2,8,0,11,0,2,0,0,1,2,0,0,2,5,1,9,5,28,3.11111111111111,0.85
"84","MethodCollection2","aggregate",5,1,24,3,13,0,3,0,0,1,3,0,0,2,12,7,35,7,55,1.57142857142857,0.89
"85","MethodCollection2","aggregate",6,0,9,0,4,0,1,0,0,0,2,0,4,0,8,2,16,0,28,1.75,1
"86","MethodCollection2","aggregate",7,3,8,1,3,0,1,0,0,0,2,0,0,1,5,2,13,5,19,1.46153846153846,0.79
"87","MethodCollection2","aggregate",8,4,9,1,10,2,0,0,0,0,4,0,0,1,3,1,8,8,26,3.25,0.76
"88","MethodCollection2","aggregate",9,1,9,1,10,0,2,0,0,0,3,0,0,1,4,3,13,3,28,2.15384615384615,0.9
"89","MethodCollection2","aggregate",10,1,3,1,3,0,1,0,0,0,1,0,0,0,2,2,11,2,10,0.909090909090909,0.83
"90","MethodCollection2","aggregate",11,2,12,0,4,0,1,0,0,0,1,1,3,1,13,2,32,4,34,1.0625,0.89
"91","MethodCollection2","aggregate",12,1,9,1,3,0,1,0,0,0,1,0,4,0,8,2,18,2,26,1.44444444444444,0.93
"92","MethodCollection2","aggregate",13,0,7,1,3,0,1,0,0,0,1,0,4,2,6,2,17,3,22,1.29411764705882,0.88
"93","MethodCollection2","aggregate",14,0,12,0,4,0,1,0,0,0,2,0,4,1,6,3,9,1,29,3.22222222222222,0.97
"94","MethodCollection2","aggregate",15,0,13,1,10,0,2,0,0,0,3,0,0,0,5,3,11,1,33,3,0.97
"95","MethodCollection2","aggregate",16,6,21,1,10,0,2,0,0,0,3,0,0,2,24,6,28,9,60,2.14285714285714,0.87
"96","MethodCollection2","aggregate",17,5,64,2,6,0,2,0,0,0,4,0,0,6,24,6,19,13,100,5.26315789473684,0.88
"97","MethodCollection2","aggregate",18,3,20,2,15,0,3,0,0,0,4,0,0,2,12,10,23,7,54,2.34782608695652,0.89
"98","MethodCollection2","aggregate",19,2,8,1,3,0,1,0,0,0,3,0,2,2,4,3,12,5,21,1.75,0.81
"99","MethodCollection2","aggregate",20,1,16,1,3,0,1,0,0,1,2,0,2,0,10,3,16,3,34,2.125,0.92
"100","MethodCollection2","aggregate",21,7,47,1,21,0,4,0,0,1,7,0,0,2,34,11,52,11,113,2.17307692307692,0.91
"101","MethodCollection2","aggregate",22,0,2,0,5,0,1,0,0,0,1,0,0,0,4,0,15,0,13,0.866666666666667,1
"102","MethodCollection2","aggregate",23,4,19,0,4,0,1,0,0,0,1,1,7,2,12,3,18,7,44,2.44444444444444,0.86
"103","MethodCollection2","aggregate",24,2,8,4,7,0,2,0,0,1,2,0,0,0,6,3,9,7,25,2.77777777777778,0.78
"104","MethodCollection2","aggregate",25,1,23,1,17,0,3,0,0,1,5,0,0,1,7,6,17,4,55,3.23529411764706,0.93
"105","MethodCollection2","aggregate",26,0,9,0,11,0,2,0,0,0,1,0,0,0,5,5,21,0,28,1.33333333333333,1
"106","MethodCollection2","aggregate",27,1,6,3,8,0,2,0,0,0,1,0,0,0,5,6,22,4,22,1,0.85
"107","MethodCollection2","aggregate",28,1,5,1,10,1,1,0,0,0,2,0,0,1,5,3,9,4,23,2.55555555555556,0.85
"108","MethodCollection2","aggregate",29,1,5,0,11,0,2,0,0,1,1,0,0,0,6,3,9,2,25,2.77777777777778,0.93
"109","MethodCollection2","aggregate",30,0,6,2,9,0,2,0,0,1,1,0,0,0,6,3,14,3,24,1.71428571428571,0.89
"110","MethodCollection2","aggregate",1,0,5,0,4,0,1,0,0,0,2,0,2,0,4,3,12,0,18,1.5,1
"111","MethodCollection2","aggregate",2,2,24,1,15,0,3,0,0,0,5,0,0,2,17,6,34,5,64,1.88235294117647,0.93
"112","MethodCollection2","aggregate",3,0,40,0,19,1,3,0,0,0,9,0,5,1,23,16,50,2,99,1.98,0.98
"113","MethodCollection2","aggregate",4,0,10,0,11,1,1,0,0,1,2,0,0,0,6,2,9,2,30,3.33333333333333,0.94
"114","MethodCollection2","aggregate",5,1,25,0,16,0,3,0,0,0,3,0,0,1,13,7,35,2,60,1.71428571428571,0.97
"115","MethodCollection2","aggregate",6,0,9,0,4,0,1,0,0,1,1,0,4,0,8,2,16,1,27,1.6875,0.96
"116","MethodCollection2","aggregate",7,1,12,0,4,0,1,0,0,0,2,0,0,0,6,2,11,1,25,2.27272727272727,0.96
"117","MethodCollection2","aggregate",8,0,13,0,11,0,2,0,0,0,3,0,0,0,4,2,8,0,33,4.125,1
"118","MethodCollection2","aggregate",9,1,10,3,8,0,2,0,0,1,2,0,0,0,5,3,12,5,27,2.25,0.84
"119","MethodCollection2","aggregate",10,0,2,0,4,0,1,0,0,0,1,0,0,0,2,2,13,0,10,0.769230769230769,1
"120","MethodCollection2","aggregate",11,1,13,0,4,0,1,0,0,0,1,0,4,1,13,2,32,2,36,1.125,0.95
"121","MethodCollection2","aggregate",12,0,10,1,3,0,1,0,0,0,1,0,4,0,8,2,18,1,27,1.5,0.96
"122","MethodCollection2","aggregate",13,0,7,0,4,0,1,0,0,0,1,0,4,0,8,2,17,0,25,1.47058823529412,1
"123","MethodCollection2","aggregate",14,0,13,1,3,0,1,0,0,0,2,0,4,0,7,3,8,1,30,3.75,0.97
"124","MethodCollection2","aggregate",15,0,12,0,11,0,2,0,0,0,3,0,0,0,5,4,11,0,33,3,1
"125","MethodCollection2","aggregate",16,1,25,0,11,0,2,0,0,1,2,0,0,2,24,6,29,4,64,2.20689655172414,0.94
"126","MethodCollection2","aggregate",17,4,63,1,7,0,2,0,0,0,4,0,0,1,29,6,21,6,105,5,0.95
"127","MethodCollection2","aggregate",18,1,19,1,15,0,3,0,0,0,5,0,0,0,13,10,27,2,55,2.03703703703704,0.96
"128","MethodCollection2","aggregate",19,0,10,0,4,0,1,0,0,0,3,0,2,1,5,3,12,1,25,2.08333333333333,0.96
"129","MethodCollection2","aggregate",20,1,14,0,4,0,1,0,0,0,3,0,2,1,9,3,18,2,33,1.83333333333333,0.94
"130","MethodCollection2","aggregate",21,1,53,2,21,1,3,0,0,0,8,0,0,3,33,9,53,7,118,2.22641509433962,0.94
"131","MethodCollection2","aggregate",22,0,3,1,4,0,1,0,0,0,1,0,0,0,4,0,14,1,13,0.928571428571429,0.93
"132","MethodCollection2","aggregate",23,1,23,0,4,0,1,0,0,0,1,1,7,1,13,3,17,3,49,2.88235294117647,0.94
"133","MethodCollection2","aggregate",24,0,10,0,11,0,2,0,0,0,3,0,0,0,6,3,9,0,32,3.55555555555556,1
"134","MethodCollection2","aggregate",25,1,20,1,17,0,3,0,0,2,4,0,0,1,7,4,22,5,51,2.31818181818182,0.91
"135","MethodCollection2","aggregate",26,0,6,1,10,0,2,0,0,0,1,0,0,0,5,5,24,1,24,1,0.96
"136","MethodCollection2","aggregate",27,0,8,3,8,0,2,0,0,0,1,0,0,0,5,6,21,3,24,1.14285714285714,0.89
"137","MethodCollection2","aggregate",28,0,6,0,11,0,2,0,0,0,2,0,0,0,6,3,9,0,27,3,1
"138","MethodCollection2","aggregate",29,0,6,1,10,0,2,0,0,0,2,0,0,1,5,3,9,2,25,2.77777777777778,0.93
"139","MethodCollection2","aggregate",30,1,5,0,11,0,2,0,0,0,2,0,0,0,6,3,14,1,26,1.85714285714286,0.96
"140","MethodCollection2","aggregate",1,1,4,1,3,0,1,0,0,0,2,0,2,0,4,3,12,2,16,1.33333333333333,0.89
"141","MethodCollection2","aggregate",2,4,22,2,14,0,3,0,0,0,4,0,0,2,17,8,33,8,60,1.81818181818182,0.88
"142","MethodCollection2","aggregate",3,14,27,5,14,1,3,0,0,3,6,2,3,4,21,16,48,29,74,1.54166666666667,0.72
"143","MethodCollection2","aggregate",4,5,5,0,11,0,2,0,0,1,2,0,0,1,6,1,9,7,26,2.88888888888889,0.79
"144","MethodCollection2","aggregate",5,4,23,5,11,1,2,0,0,1,2,0,0,1,13,6,35,12,51,1.45714285714286,0.81
"145","MethodCollection2","aggregate",6,4,5,1,3,1,0,0,0,0,2,0,4,1,7,2,16,7,21,1.3125,0.75
"146","MethodCollection2","aggregate",7,6,7,1,3,1,0,0,0,1,1,0,0,3,3,2,11,12,14,1.27272727272727,0.54
"147","MethodCollection2","aggregate",8,2,9,1,10,0,2,0,0,0,3,0,0,1,3,1,11,4,27,2.45454545454545,0.87
"148","MethodCollection2","aggregate",9,2,9,0,11,1,1,0,0,1,2,0,0,1,4,3,12,5,27,2.25,0.84
"149","MethodCollection2","aggregate",10,0,3,2,2,0,1,0,0,0,1,0,0,0,2,2,12,2,9,0.75,0.82
"150","MethodCollection2","aggregate",11,7,7,1,3,0,1,0,0,1,0,0,4,1,13,2,32,10,28,0.875,0.74
"151","MethodCollection2","aggregate",12,2,8,0,4,0,1,0,0,0,1,0,4,2,6,2,18,4,24,1.33333333333333,0.86
"152","MethodCollection2","aggregate",13,1,6,1,3,0,1,0,0,1,0,0,4,0,8,2,17,3,22,1.29411764705882,0.88
"153","MethodCollection2","aggregate",14,1,10,0,4,1,0,0,0,0,2,0,4,3,4,3,10,5,24,2.4,0.83
"154","MethodCollection2","aggregate",15,3,9,1,10,0,2,0,0,1,3,0,0,2,3,4,10,7,27,2.7,0.79
"155","MethodCollection2","aggregate",16,9,18,1,10,0,2,0,0,2,1,0,0,4,22,7,27,16,53,1.96296296296296,0.77
"156","MethodCollection2","aggregate",17,10,58,3,5,1,1,0,0,0,4,0,0,6,24,6,20,20,92,4.6,0.82
"157","MethodCollection2","aggregate",18,4,13,3,13,1,2,0,0,1,3,0,0,3,10,9,32,12,41,1.28125,0.77
"158","MethodCollection2","aggregate",19,2,8,0,4,0,1,0,0,0,3,0,2,0,6,3,12,2,24,2,0.92
"159","MethodCollection2","aggregate",20,2,13,1,3,0,1,0,0,0,3,0,2,3,7,3,18,6,29,1.61111111111111,0.83
"160","MethodCollection2","aggregate",21,11,44,4,19,0,4,0,0,1,5,0,0,3,33,11,52,19,105,2.01923076923077,0.85
"161","MethodCollection2","aggregate",22,1,3,2,3,1,0,0,0,0,1,0,0,1,3,0,13,5,10,0.769230769230769,0.67
"162","MethodCollection2","aggregate",23,3,20,0,4,0,1,0,0,0,1,1,7,5,9,3,18,9,42,2.33333333333333,0.82
"163","MethodCollection2","aggregate",24,4,6,2,9,0,2,0,0,2,1,0,0,2,4,3,9,10,22,2.44444444444444,0.69
"164","MethodCollection2","aggregate",25,6,19,4,14,1,2,0,0,1,5,0,0,2,6,4,18,14,46,2.55555555555556,0.77
"165","MethodCollection2","aggregate",26,2,5,2,9,1,1,0,0,0,1,0,0,0,5,5,23,5,21,0.91304347826087,0.81
"166","MethodCollection2","aggregate",27,2,6,0,11,0,2,0,0,0,2,0,0,1,4,5,21,3,25,1.19047619047619,0.89
"167","MethodCollection2","aggregate",28,1,5,1,10,0,2,0,0,0,2,0,0,0,6,3,9,2,25,2.77777777777778,0.93
"168","MethodCollection2","aggregate",29,0,6,1,10,0,2,0,0,0,2,0,0,0,6,3,9,1,26,2.88888888888889,0.96
"169","MethodCollection2","aggregate",30,1,5,1,10,0,2,0,0,0,2,0,0,3,3,3,14,5,22,1.57142857142857,0.81
"170","MethodCollection2","aggregate",1,2,3,1,3,0,1,0,0,0,2,0,2,1,3,3,12,4,14,1.16666666666667,0.78
"171","MethodCollection2","aggregate",2,4,24,2,13,0,3,0,0,1,4,0,0,3,16,7,32,10,60,1.875,0.86
"172","MethodCollection2","aggregate",3,10,32,5,15,2,2,0,0,0,7,2,3,4,21,16,48,23,80,1.66666666666667,0.78
"173","MethodCollection2","aggregate",4,3,7,0,11,1,1,0,0,1,2,0,0,0,6,2,9,5,27,3,0.84
"174","MethodCollection2","aggregate",5,4,20,4,12,0,3,0,0,1,3,0,0,3,11,6,37,12,49,1.32432432432432,0.8
"175","MethodCollection2","aggregate",6,2,7,0,4,0,1,0,0,1,1,2,2,3,5,2,16,8,20,1.25,0.71
"176","MethodCollection2","aggregate",7,5,8,1,3,0,1,0,0,1,1,0,0,2,4,2,11,9,17,1.54545454545455,0.65
"177","MethodCollection2","aggregate",8,4,8,1,10,1,1,0,0,2,1,0,0,1,3,2,9,9,23,2.55555555555556,0.72
"178","MethodCollection2","aggregate",9,0,12,0,11,0,2,0,0,0,3,0,0,1,4,3,11,1,32,2.90909090909091,0.97
"179","MethodCollection2","aggregate",10,0,3,2,2,1,0,0,0,0,1,0,0,0,2,2,12,3,8,0.666666666666667,0.73
"180","MethodCollection2","aggregate",11,2,12,0,4,1,0,0,0,0,1,0,4,2,12,2,32,5,33,1.03125,0.87
"181","MethodCollection2","aggregate",12,4,6,1,3,0,1,0,0,0,1,0,4,3,5,2,18,8,20,1.11111111111111,0.71
"182","MethodCollection2","aggregate",13,1,6,0,4,0,1,0,0,0,1,2,2,0,8,2,17,3,22,1.29411764705882,0.88
"183","MethodCollection2","aggregate",14,2,10,1,3,0,1,0,0,0,2,0,4,2,5,3,9,5,25,2.77777777777778,0.83
"184","MethodCollection2","aggregate",15,1,11,3,8,0,2,0,0,0,3,0,0,0,5,4,11,4,29,2.63636363636364,0.88
"185","MethodCollection2","aggregate",16,5,22,6,5,1,1,0,0,0,3,0,0,6,20,8,26,18,51,1.96153846153846,0.74
"186","MethodCollection2","aggregate",17,15,51,0,8,1,1,0,0,0,4,0,0,6,24,6,22,22,88,4,0.8
"187","MethodCollection2","aggregate",18,5,15,3,13,1,2,0,0,0,4,0,0,4,10,10,27,13,44,1.62962962962963,0.77
"188","MethodCollection2","aggregate",19,5,5,0,4,0,1,0,0,0,3,1,1,0,6,3,12,6,20,1.66666666666667,0.77
"189","MethodCollection2","aggregate",20,1,15,1,3,0,1,0,0,0,3,0,2,3,7,3,17,5,31,1.82352941176471,0.86
"190","MethodCollection2","aggregate",21,7,50,2,21,0,4,0,0,0,8,0,0,8,29,11,47,17,112,2.38297872340426,0.87
"191","MethodCollection2","aggregate",22,1,2,1,4,0,1,0,0,0,1,0,0,1,3,0,14,3,11,0.785714285714286,0.79
"192","MethodCollection2","aggregate",23,3,19,1,3,0,1,0,0,0,1,2,6,2,12,3,19,8,42,2.21052631578947,0.84
"193","MethodCollection2","aggregate",24,1,9,0,11,0,2,0,0,1,2,0,0,1,5,3,9,3,29,3.22222222222222,0.91
"194","MethodCollection2","aggregate",25,6,15,2,16,0,3,0,0,0,5,0,0,1,7,4,23,9,46,2,0.84
"195","MethodCollection2","aggregate",26,1,4,3,8,0,2,0,0,1,0,0,0,1,4,5,25,6,18,0.72,0.75
"196","MethodCollection2","aggregate",27,0,6,0,11,0,2,0,0,0,2,0,0,0,5,5,23,0,26,1.1304347826087,1
"197","MethodCollection2","aggregate",28,0,6,0,11,0,2,0,0,0,2,0,0,1,5,3,9,1,26,2.88888888888889,0.96
"198","MethodCollection2","aggregate",29,1,5,3,8,1,1,0,0,0,2,0,0,2,4,3,9,7,20,2.22222222222222,0.74
"199","MethodCollection2","aggregate",30,1,5,0,11,0,2,0,0,0,2,0,0,3,3,3,14,4,23,1.64285714285714,0.85
"200","MethodCollection2","aggregate",1,0,5,0,4,0,1,0,0,0,2,0,2,0,4,3,12,0,18,1.5,1
"201","MethodCollection2","aggregate",2,1,28,3,13,0,3,0,0,0,4,0,0,2,16,7,32,6,64,2,0.91
"202","MethodCollection2","aggregate",3,4,39,3,16,1,3,0,0,0,8,0,6,2,22,16,47,10,94,2,0.9
"203","MethodCollection2","aggregate",4,1,9,1,10,0,2,0,0,0,3,0,0,0,6,1,9,2,30,3.33333333333333,0.94
"204","MethodCollection2","aggregate",5,0,25,1,15,0,3,0,0,0,3,0,0,1,13,7,36,2,59,1.63888888888889,0.97
"205","MethodCollection2","aggregate",6,0,9,1,3,0,1,0,0,1,1,0,4,1,7,2,16,3,25,1.5625,0.89
"206","MethodCollection2","aggregate",7,1,10,0,4,0,1,0,0,1,1,0,0,2,4,2,13,4,20,1.53846153846154,0.83
"207","MethodCollection2","aggregate",8,1,11,2,9,0,2,0,0,0,3,0,0,0,4,1,10,3,29,2.9,0.91
"208","MethodCollection2","aggregate",9,0,12,1,10,1,1,0,0,1,2,0,0,0,5,3,11,3,30,2.72727272727273,0.91
"209","MethodCollection2","aggregate",10,0,3,1,3,0,1,0,0,0,1,0,0,0,2,2,12,1,10,0.833333333333333,0.91
"210","MethodCollection2","aggregate",11,1,13,0,4,0,1,0,0,0,1,0,4,2,12,2,32,3,35,1.09375,0.92
"211","MethodCollection2","aggregate",12,0,10,1,3,0,1,0,0,0,1,0,4,0,8,2,18,1,27,1.5,0.96
"212","MethodCollection2","aggregate",13,1,6,0,4,0,1,0,0,0,1,0,4,0,8,2,17,1,24,1.41176470588235,0.96
"213","MethodCollection2","aggregate",14,0,11,0,4,0,1,0,0,0,2,1,3,1,6,3,10,2,27,2.7,0.93
"214","MethodCollection2","aggregate",15,0,12,0,11,0,2,0,0,0,3,0,0,0,5,4,11,0,33,3,1
"215","MethodCollection2","aggregate",16,1,25,1,10,0,2,0,0,1,2,0,0,0,26,6,29,3,65,2.24137931034483,0.96
"216","MethodCollection2","aggregate",17,2,66,0,8,0,2,0,0,0,4,0,0,3,27,6,20,5,107,5.35,0.96
"217","MethodCollection2","aggregate",18,0,21,2,14,0,3,0,0,0,4,0,0,1,12,9,28,3,54,1.92857142857143,0.95
"218","MethodCollection2","aggregate",19,1,9,0,4,0,1,0,0,0,3,0,2,0,6,3,12,1,25,2.08333333333333,0.96
"219","MethodCollection2","aggregate",20,1,13,0,4,0,1,0,0,0,3,1,1,1,9,3,19,3,31,1.63157894736842,0.91
"220","MethodCollection2","aggregate",21,5,49,2,21,0,4,0,0,0,8,0,0,0,36,11,51,7,118,2.31372549019608,0.94
"221","MethodCollection2","aggregate",22,0,3,2,3,0,1,0,0,0,1,0,0,0,4,0,14,2,12,0.857142857142857,0.86
"222","MethodCollection2","aggregate",23,3,20,0,4,0,1,0,0,0,1,0,8,1,13,3,18,4,47,2.61111111111111,0.92
"223","MethodCollection2","aggregate",24,0,10,0,11,0,2,0,0,0,3,0,0,0,6,3,9,0,32,3.55555555555556,1
"224","MethodCollection2","aggregate",25,2,20,1,17,0,3,0,0,1,5,0,0,2,6,4,21,6,51,2.42857142857143,0.89
"225","MethodCollection2","aggregate",26,1,3,2,9,0,2,0,0,0,1,0,0,0,5,4,27,3,20,0.740740740740741,0.87
"226","MethodCollection2","aggregate",27,1,8,1,10,0,2,0,0,0,1,0,0,0,5,4,22,2,26,1.18181818181818,0.93
"227","MethodCollection2","aggregate",28,1,5,0,11,0,2,0,0,0,2,0,0,1,5,3,9,2,25,2.77777777777778,0.93
"228","MethodCollection2","aggregate",29,1,5,2,9,0,2,0,0,0,2,0,0,0,6,3,9,3,24,2.66666666666667,0.89
"229","MethodCollection2","aggregate",30,1,5,0,11,0,2,0,0,0,2,0,0,1,5,3,14,2,25,1.78571428571429,0.93
"230","MethodCollection2","aggregate",1,0,5,0,4,0,1,0,0,0,2,0,2,0,4,3,12,0,18,1.5,1
"231","MethodCollection2","aggregate",2,8,19,1,15,0,3,0,0,1,4,0,0,4,15,8,31,14,56,1.80645161290323,0.8
"232","MethodCollection2","aggregate",3,12,32,3,16,2,2,0,0,3,4,1,5,4,19,18,45,25,78,1.73333333333333,0.76
"233","MethodCollection2","aggregate",4,2,8,2,9,0,2,0,0,1,2,0,0,1,6,1,9,6,27,3,0.82
"234","MethodCollection2","aggregate",5,4,19,2,14,0,3,0,0,0,4,0,0,2,12,7,37,8,52,1.40540540540541,0.87
"235","MethodCollection2","aggregate",6,2,7,0,4,0,1,0,0,0,2,1,3,3,5,2,16,6,22,1.375,0.79
"236","MethodCollection2","aggregate",7,1,11,0,4,0,1,0,0,0,2,0,0,2,4,2,12,3,22,1.83333333333333,0.88
"237","MethodCollection2","aggregate",8,3,10,0,11,0,2,0,0,0,3,0,0,0,4,2,8,3,30,3.75,0.91
"238","MethodCollection2","aggregate",9,1,9,1,10,0,2,0,0,0,3,0,0,0,5,3,13,2,29,2.23076923076923,0.94
"239","MethodCollection2","aggregate",10,0,4,2,2,0,1,0,0,0,1,0,0,0,2,2,11,2,10,0.909090909090909,0.83
"240","MethodCollection2","aggregate",11,3,11,2,2,0,1,0,0,1,0,0,4,1,13,2,32,7,31,0.96875,0.82
"241","MethodCollection2","aggregate",12,3,7,1,3,1,0,0,0,0,1,0,4,1,7,2,18,6,22,1.22222222222222,0.79
"242","MethodCollection2","aggregate",13,0,7,1,3,0,1,0,0,0,1,1,3,2,6,2,17,4,21,1.23529411764706,0.84
"243","MethodCollection2","aggregate",14,3,10,2,2,0,1,0,0,0,2,0,4,2,5,3,8,7,24,3,0.77
"244","MethodCollection2","aggregate",15,1,12,3,8,0,2,0,0,0,3,0,0,1,4,4,10,5,29,2.9,0.85
"245","MethodCollection2","aggregate",16,6,20,4,7,0,2,0,0,0,3,0,0,6,20,7,28,16,52,1.85714285714286,0.76
"246","MethodCollection2","aggregate",17,11,57,1,7,0,2,0,0,0,4,0,0,5,25,6,20,17,95,4.75,0.85
"247","MethodCollection2","aggregate",18,0,17,3,14,1,2,0,0,0,4,0,0,3,11,11,28,7,48,1.71428571428571,0.87
"248","MethodCollection2","aggregate",19,2,8,0,4,0,1,0,0,1,2,0,2,0,6,3,12,3,23,1.91666666666667,0.88
"249","MethodCollection2","aggregate",20,2,14,0,4,0,1,0,0,0,3,0,2,1,9,3,17,3,33,1.94117647058824,0.92
"250","MethodCollection2","aggregate",21,9,44,2,20,1,2,0,0,0,6,0,0,4,33,11,55,16,105,1.90909090909091,0.87
"251","MethodCollection2","aggregate",22,2,1,1,4,0,1,0,0,0,1,0,0,1,3,0,14,4,10,0.714285714285714,0.71
"252","MethodCollection2","aggregate",23,2,19,1,3,0,1,0,0,1,0,1,7,2,12,3,20,7,42,2.1,0.86
"253","MethodCollection2","aggregate",24,1,9,3,8,1,1,0,0,1,2,0,0,2,4,3,9,8,24,2.66666666666667,0.75
"254","MethodCollection2","aggregate",25,5,18,8,10,0,3,0,0,1,4,0,0,3,5,3,22,17,40,1.81818181818182,0.7
"255","MethodCollection2","aggregate",26,3,5,1,10,0,2,0,0,1,0,0,0,1,4,5,22,6,21,0.954545454545455,0.78
"256","MethodCollection2","aggregate",27,1,7,2,9,1,1,0,0,1,0,0,0,1,4,5,22,6,21,0.954545454545455,0.78
"257","MethodCollection2","aggregate",28,0,6,1,10,1,1,0,0,1,1,0,0,0,6,3,9,3,24,2.66666666666667,0.89
"258","MethodCollection2","aggregate",29,1,5,0,11,0,2,0,0,1,1,0,0,1,5,3,9,3,24,2.66666666666667,0.89
"259","MethodCollection2","aggregate",30,1,5,2,9,0,2,0,0,0,2,0,0,0,6,3,14,3,24,1.71428571428571,0.89
"260","MethodCollection2","aggregate",1,0,5,0,4,1,0,0,0,0,2,0,2,0,4,3,12,1,17,1.41666666666667,0.94
"261","MethodCollection2","aggregate",2,4,26,3,12,1,2,0,0,0,4,0,0,1,18,9,29,9,62,2.13793103448276,0.87
"262","MethodCollection2","aggregate",3,8,36,1,16,0,4,0,0,0,8,0,6,6,19,15,47,15,89,1.8936170212766,0.86
"263","MethodCollection2","aggregate",4,0,10,1,10,1,1,0,0,0,3,0,0,1,5,2,9,3,29,3.22222222222222,0.91
"264","MethodCollection2","aggregate",5,5,25,2,14,0,3,0,0,0,3,0,0,1,13,5,33,8,58,1.75757575757576,0.88
"265","MethodCollection2","aggregate",6,2,7,1,3,0,1,0,0,0,2,1,3,1,7,2,16,5,23,1.4375,0.82
"266","MethodCollection2","aggregate",7,2,11,1,3,0,1,0,0,0,2,0,0,0,6,2,11,3,23,2.09090909090909,0.88
"267","MethodCollection2","aggregate",8,1,10,2,9,0,2,0,0,2,2,0,0,0,4,2,9,5,27,3,0.84
"268","MethodCollection2","aggregate",9,1,9,0,11,0,2,0,0,0,3,0,0,0,5,3,13,1,30,2.30769230769231,0.97
"269","MethodCollection2","aggregate",10,0,3,1,3,1,0,0,0,0,1,0,0,0,2,2,12,2,9,0.75,0.82
"270","MethodCollection2","aggregate",11,2,12,0,4,0,1,0,0,0,1,0,4,2,12,2,32,4,34,1.0625,0.89
"271","MethodCollection2","aggregate",12,0,10,1,3,0,1,0,0,0,1,0,4,1,7,2,18,2,26,1.44444444444444,0.93
"272","MethodCollection2","aggregate",13,0,7,0,4,0,1,0,0,0,1,0,4,0,8,2,17,0,25,1.47058823529412,1
"273","MethodCollection2","aggregate",14,1,12,1,3,0,1,0,0,0,2,0,4,1,6,3,8,3,28,3.5,0.9
"274","MethodCollection2","aggregate",15,1,11,1,10,0,2,0,0,0,3,0,0,0,5,4,11,2,31,2.81818181818182,0.94
"275","MethodCollection2","aggregate",16,5,20,2,9,0,2,0,0,0,3,0,0,6,20,7,29,13,54,1.86206896551724,0.81
"276","MethodCollection2","aggregate",17,4,64,0,8,0,2,0,0,0,4,0,0,3,27,6,20,7,105,5.25,0.94
"277","MethodCollection2","aggregate",18,2,16,4,13,1,2,0,0,0,4,0,0,2,11,11,28,9,46,1.64285714285714,0.84
"278","MethodCollection2","aggregate",19,4,6,0,4,0,1,0,0,0,3,0,2,1,5,3,12,5,21,1.75,0.81
"279","MethodCollection2","aggregate",20,2,13,1,3,0,1,0,0,0,3,0,2,2,8,3,18,5,30,1.66666666666667,0.86
"280","MethodCollection2","aggregate",21,4,50,4,18,0,4,0,0,1,6,0,0,2,35,11,52,11,113,2.17307692307692,0.91
"281","MethodCollection2","aggregate",22,0,3,0,5,0,1,0,0,0,1,0,0,1,3,0,14,1,13,0.928571428571429,0.93
"282","MethodCollection2","aggregate",23,0,21,0,4,0,1,0,0,0,1,0,8,3,11,3,20,3,46,2.3,0.94
"283","MethodCollection2","aggregate",24,0,10,0,11,0,2,0,0,0,3,0,0,0,6,3,9,0,32,3.55555555555556,1
"284","MethodCollection2","aggregate",25,3,19,3,15,2,1,0,0,0,5,0,0,1,7,4,22,9,47,2.13636363636364,0.84
"285","MethodCollection2","aggregate",26,0,6,1,10,0,2,0,0,1,0,0,0,0,5,6,23,2,23,1,0.92
"286","MethodCollection2","aggregate",27,0,6,1,10,0,2,0,0,0,1,0,0,0,5,5,24,1,24,1,0.96
"287","MethodCollection2","aggregate",28,1,5,2,9,0,2,0,0,0,2,0,0,0,6,3,9,3,24,2.66666666666667,0.89
"288","MethodCollection2","aggregate",29,1,5,2,9,0,2,0,0,0,2,0,0,0,6,3,9,3,24,2.66666666666667,0.89
"289","MethodCollection2","aggregate",30,1,5,3,8,1,1,0,0,0,2,0,0,1,5,3,14,6,21,1.5,0.78
"290","MethodsFromColt","aggregate",1,1,73,0,5,1,0,0,0,0,8,0,4,1,27,3,0,3,117,Inf,0.97
"291","MethodsFromColt","aggregate",2,0,57,1,16,0,3,0,0,1,8,0,0,0,17,35,0,2,101,Inf,0.98
"292","MethodsFromColt","aggregate",3,3,83,0,5,0,1,0,0,0,8,0,12,2,32,10,0,5,141,Inf,0.97
"293","MethodsFromColt","aggregate",4,0,42,0,5,0,1,0,0,0,5,1,3,0,16,3,0,1,72,Inf,0.99
"294","MethodsFromColt","aggregate",5,7,124,1,4,0,1,0,0,0,7,0,8,4,55,8,0,12,199,Inf,0.94
"295","MethodsFromColt","aggregate",6,0,26,0,12,0,2,0,0,0,4,0,0,0,9,4,0,0,53,Inf,1
"296","MethodsFromColt","aggregate",7,0,29,0,5,0,1,0,0,0,3,0,4,0,13,1,0,0,55,Inf,1
"297","MethodsFromColt","aggregate",8,1,25,0,12,0,2,0,0,0,4,0,0,0,9,4,0,1,52,Inf,0.98
"298","MethodsFromColt","aggregate",9,0,11,0,5,0,1,0,0,0,2,0,4,0,5,1,0,0,28,Inf,1
"299","MethodsFromColt","aggregate",10,4,90,1,13,0,2,0,0,0,9,0,0,0,37,0,0,5,151,Inf,0.97
"300","MethodsFromColt","aggregate",11,6,144,0,0,0,0,0,0,0,11,0,0,3,63,0,0,9,218,Inf,0.96
"301","MethodsFromColt","aggregate",12,3,76,0,0,0,0,0,0,0,5,0,0,0,30,0,0,3,111,Inf,0.97
"302","MethodsFromColt","aggregate",13,0,47,0,5,0,1,0,0,0,3,0,4,0,20,1,0,0,80,Inf,1
"303","MethodsFromColt","aggregate",14,0,12,0,5,0,1,0,0,0,3,0,4,0,4,3,0,0,29,Inf,1
"304","MethodsFromColt","aggregate",15,2,36,0,5,0,1,0,0,0,3,0,8,0,15,1,0,2,68,Inf,0.97
"305","MethodsFromColt","aggregate",16,3,63,3,14,0,2,0,0,1,11,0,0,0,21,18,0,7,111,Inf,0.94
"306","MethodsFromColt","aggregate",17,3,103,0,15,0,3,0,0,1,16,1,11,3,38,9,0,8,186,Inf,0.96
"307","MethodsFromColt","aggregate",18,1,120,0,10,0,2,0,0,0,11,0,12,1,48,6,0,2,203,Inf,0.99
"308","MethodsFromColt","aggregate",19,1,65,1,9,0,2,0,0,0,12,0,8,2,23,6,0,4,119,Inf,0.97
"309","MethodsFromColt","aggregate",20,3,143,0,10,0,2,0,0,0,18,0,16,2,53,6,0,5,242,Inf,0.98
"310","MethodsFromColt","aggregate",21,0,28,0,5,0,1,0,0,0,3,0,0,0,10,5,0,0,47,Inf,1
"311","MethodsFromColt","aggregate",22,0,113,0,10,0,2,0,0,0,11,1,11,1,41,6,0,2,188,Inf,0.99
"312","MethodsFromColt","aggregate",23,4,78,0,10,0,2,0,0,0,11,0,8,1,29,6,0,5,138,Inf,0.97
"313","MethodsFromColt","aggregate",24,3,49,0,5,0,1,0,0,1,6,0,4,0,20,3,0,4,85,Inf,0.96
"314","MethodsFromColt","aggregate",25,0,22,0,5,0,1,0,0,0,4,1,3,0,11,3,0,1,46,Inf,0.98
"315","MethodsFromColt","aggregate",26,0,23,1,4,0,1,0,0,0,4,0,4,0,8,3,0,1,44,Inf,0.98
"316","MethodsFromColt","aggregate",27,1,13,1,4,0,1,0,0,0,5,0,0,0,2,3,0,2,25,Inf,0.93
"317","MethodsFromColt","aggregate",28,0,18,2,3,0,1,0,0,0,5,0,0,0,6,3,0,2,33,Inf,0.94
"318","MethodsFromColt","aggregate",29,0,0,0,0,0,0,0,0,0,0,0,0,0,0,0,0,0,0,NA,NA
"319","MethodsFromColt","aggregate",1,0,74,0,5,0,1,0,0,0,8,0,4,0,28,3,0,0,120,Inf,1
"320","MethodsFromColt","aggregate",2,1,57,0,16,0,3,0,0,0,8,0,0,0,14,39,0,1,98,Inf,0.99
"321","MethodsFromColt","aggregate",3,0,86,0,5,0,1,0,0,0,8,0,12,1,33,10,0,1,145,Inf,0.99
"322","MethodsFromColt","aggregate",4,0,42,0,5,0,1,0,0,0,5,0,4,0,16,3,0,0,73,Inf,1
"323","MethodsFromColt","aggregate",5,0,133,0,5,0,1,0,0,0,7,0,8,0,58,7,0,0,212,Inf,1
"324","MethodsFromColt","aggregate",6,1,26,0,12,0,2,0,0,0,4,0,0,0,9,3,0,1,53,Inf,0.98
"325","MethodsFromColt","aggregate",7,0,29,0,5,0,1,0,0,0,3,0,4,0,13,1,0,0,55,Inf,1
"326","MethodsFromColt","aggregate",8,0,27,0,12,0,2,0,0,0,4,0,0,0,9,3,0,0,54,Inf,1
"327","MethodsFromColt","aggregate",9,0,11,1,4,0,1,0,0,0,2,1,3,0,5,1,0,2,26,Inf,0.93
"328","MethodsFromColt","aggregate",10,0,94,0,14,0,2,0,0,0,9,0,0,0,37,0,0,0,156,Inf,1
"329","MethodsFromColt","aggregate",11,2,148,0,0,0,0,0,0,0,11,0,0,1,65,0,0,3,224,Inf,0.99
"330","MethodsFromColt","aggregate",12,1,78,0,0,0,0,0,0,0,5,0,0,0,30,0,0,1,113,Inf,0.99
"331","MethodsFromColt","aggregate",13,0,47,0,5,0,1,0,0,0,3,0,4,0,20,1,0,0,80,Inf,1
"332","MethodsFromColt","aggregate",14,0,12,0,5,0,1,0,0,0,3,0,4,0,4,3,0,0,29,Inf,1
"333","MethodsFromColt","aggregate",15,0,38,0,5,0,1,0,0,0,3,0,8,0,15,1,0,0,70,Inf,1
"334","MethodsFromColt","aggregate",16,0,65,0,17,0,2,0,0,0,12,0,0,0,22,18,0,0,118,Inf,1
"335","MethodsFromColt","aggregate",17,4,102,0,15,0,3,0,0,0,17,0,12,0,41,9,0,4,190,Inf,0.98
"336","MethodsFromColt","aggregate",18,0,121,0,10,0,2,0,0,0,11,0,12,0,49,6,0,0,205,Inf,1
"337","MethodsFromColt","aggregate",19,1,65,0,10,0,2,0,0,0,12,0,8,0,25,6,0,1,122,Inf,0.99
"338","MethodsFromColt","aggregate",20,1,145,0,10,0,2,0,0,0,18,0,16,0,55,6,0,1,246,Inf,1
"339","MethodsFromColt","aggregate",21,1,27,0,5,0,1,0,0,0,3,0,0,0,10,5,0,1,46,Inf,0.98
"340","MethodsFromColt","aggregate",22,0,113,0,10,0,2,0,0,0,11,0,12,0,42,6,0,0,190,Inf,1
"341","MethodsFromColt","aggregate",23,0,82,0,10,0,2,0,0,0,11,0,8,0,30,6,0,0,143,Inf,1
"342","MethodsFromColt","aggregate",24,0,52,0,5,0,1,0,0,0,7,0,4,0,20,3,0,0,89,Inf,1
"343","MethodsFromColt","aggregate",25,0,22,0,5,0,1,0,0,0,4,0,4,0,11,3,0,0,47,Inf,1
"344","MethodsFromColt","aggregate",26,0,23,0,5,0,1,0,0,0,4,0,4,0,8,3,0,0,45,Inf,1
"345","MethodsFromColt","aggregate",27,0,14,0,5,0,1,0,0,0,5,0,0,0,2,3,0,0,27,Inf,1
"346","MethodsFromColt","aggregate",28,0,18,0,5,0,1,0,0,0,5,0,0,0,6,3,0,0,35,Inf,1
"347","MethodsFromColt","aggregate",29,0,0,0,0,0,0,0,0,0,0,0,0,0,0,0,0,0,0,NA,NA
"348","MethodsFromColt","aggregate",1,0,74,0,5,0,1,0,0,0,8,0,4,0,28,3,0,0,120,Inf,1
"349","MethodsFromColt","aggregate",2,0,61,0,17,0,3,0,0,0,8,0,0,0,15,34,0,0,104,Inf,1
"350","MethodsFromColt","aggregate",3,0,86,0,5,0,1,0,0,0,8,0,12,0,34,10,0,0,146,Inf,1
"351","MethodsFromColt","aggregate",4,1,41,0,5,0,1,0,0,0,5,0,4,1,15,3,0,2,71,Inf,0.97
"352","MethodsFromColt","aggregate",5,3,128,0,5,0,1,0,0,0,7,0,8,0,58,9,0,3,207,Inf,0.99
"353","MethodsFromColt","aggregate",6,1,25,0,12,0,2,0,0,0,4,0,0,0,9,4,0,1,52,Inf,0.98
"354","MethodsFromColt","aggregate",7,0,29,0,5,0,1,0,0,0,3,0,4,0,13,1,0,0,55,Inf,1
"355","MethodsFromColt","aggregate",8,0,26,0,12,0,2,0,0,0,4,0,0,0,9,4,0,0,53,Inf,1
"356","MethodsFromColt","aggregate",9,0,11,0,5,0,1,0,0,0,2,0,4,0,5,1,0,0,28,Inf,1
"357","MethodsFromColt","aggregate",10,0,94,0,14,0,2,0,0,0,9,0,0,0,37,0,0,0,156,Inf,1
"358","MethodsFromColt","aggregate",11,0,150,0,0,0,0,0,0,0,11,0,0,0,66,0,0,0,227,Inf,1
"359","MethodsFromColt","aggregate",12,0,79,0,0,0,0,0,0,0,5,0,0,0,30,0,0,0,114,Inf,1
"360","MethodsFromColt","aggregate",13,0,47,0,5,0,1,0,0,0,3,0,4,0,20,1,0,0,80,Inf,1
"361","MethodsFromColt","aggregate",14,0,12,0,5,0,1,0,0,0,3,0,4,1,3,3,0,1,28,Inf,0.97
"362","MethodsFromColt","aggregate",15,1,37,0,5,0,1,0,0,0,3,0,8,0,15,1,0,1,69,Inf,0.99
"363","MethodsFromColt","aggregate",16,0,64,0,18,0,3,0,0,0,11,0,0,0,24,16,0,0,120,Inf,1
"364","MethodsFromColt","aggregate",17,0,106,0,15,0,3,0,0,0,17,0,12,0,41,9,0,0,194,Inf,1
"365","MethodsFromColt","aggregate",18,0,121,0,10,0,2,0,0,0,11,0,12,0,49,6,0,0,205,Inf,1
"366","MethodsFromColt","aggregate",19,0,66,0,10,0,2,0,0,0,12,0,8,0,25,6,0,0,123,Inf,1
"367","MethodsFromColt","aggregate",20,0,146,0,10,0,2,0,0,0,18,0,16,0,55,6,0,0,247,Inf,1
"368","MethodsFromColt","aggregate",21,0,28,0,5,0,1,0,0,0,3,0,0,0,10,5,0,0,47,Inf,1
"369","MethodsFromColt","aggregate",22,1,112,0,10,0,2,0,0,0,11,0,12,0,42,6,0,1,189,Inf,0.99
"370","MethodsFromColt","aggregate",23,0,82,0,10,0,2,0,0,1,10,0,8,0,30,6,0,1,142,Inf,0.99
"371","MethodsFromColt","aggregate",24,1,51,0,5,0,1,0,0,0,7,0,4,0,20,3,0,1,88,Inf,0.99
"372","MethodsFromColt","aggregate",25,0,22,0,5,0,1,0,0,0,4,0,4,0,11,3,0,0,47,Inf,1
"373","MethodsFromColt","aggregate",26,0,23,0,5,0,1,0,0,0,4,0,4,0,8,3,0,0,45,Inf,1
"374","MethodsFromColt","aggregate",27,0,14,0,5,0,1,0,0,0,5,0,0,0,2,3,0,0,27,Inf,1
"375","MethodsFromColt","aggregate",28,0,18,0,5,0,1,0,0,0,5,0,0,0,6,3,0,0,35,Inf,1
"376","MethodsFromColt","aggregate",29,0,0,0,0,0,0,0,0,0,0,0,0,0,0,0,0,0,0,NA,NA
"377","MethodsFromColt","aggregate",1,0,74,0,5,0,1,0,0,0,8,0,4,0,28,3,0,0,120,Inf,1
"378","MethodsFromColt","aggregate",2,1,55,0,17,0,3,0,0,0,8,0,0,0,14,40,0,1,97,Inf,0.99
"379","MethodsFromColt","aggregate",3,3,83,0,5,0,1,0,0,0,8,0,12,0,34,10,0,3,143,Inf,0.98
"380","MethodsFromColt","aggregate",4,0,42,0,5,0,1,0,0,0,5,0,4,2,14,3,0,2,71,Inf,0.97
"381","MethodsFromColt","aggregate",5,1,131,0,5,0,1,0,0,0,7,0,8,0,59,7,0,1,211,Inf,1
"382","MethodsFromColt","aggregate",6,1,25,0,12,0,2,0,0,0,4,0,0,0,9,4,0,1,52,Inf,0.98
"383","MethodsFromColt","aggregate",7,1,28,0,5,0,1,0,0,0,3,0,4,0,13,1,0,1,54,Inf,0.98
"384","MethodsFromColt","aggregate",8,0,26,0,12,0,2,0,0,0,4,0,0,0,9,4,0,0,53,Inf,1
"385","MethodsFromColt","aggregate",9,0,11,0,5,0,1,0,0,0,2,0,4,0,5,1,0,0,28,Inf,1
"386","MethodsFromColt","aggregate",10,2,92,0,14,0,2,0,0,0,9,0,0,0,37,0,0,2,154,Inf,0.99
"387","MethodsFromColt","aggregate",11,2,148,0,0,0,0,0,0,0,11,0,0,0,66,0,0,2,225,Inf,0.99
"388","MethodsFromColt","aggregate",12,0,79,0,0,0,0,0,0,0,5,0,0,0,30,0,0,0,114,Inf,1
"389","MethodsFromColt","aggregate",13,0,47,0,5,0,1,0,0,0,3,0,4,0,20,1,0,0,80,Inf,1
"390","MethodsFromColt","aggregate",14,0,12,0,5,0,1,0,0,0,3,0,4,0,4,3,0,0,29,Inf,1
"391","MethodsFromColt","aggregate",15,0,38,0,5,0,1,0,0,0,3,0,8,0,15,1,0,0,70,Inf,1
"392","MethodsFromColt","aggregate",16,0,67,0,18,0,2,0,0,1,11,0,0,0,22,15,0,1,120,Inf,0.99
"393","MethodsFromColt","aggregate",17,0,106,0,15,0,3,0,0,0,17,0,12,0,41,9,0,0,194,Inf,1
"394","MethodsFromColt","aggregate",18,0,121,0,10,0,2,0,0,0,11,0,12,0,49,6,0,0,205,Inf,1
"395","MethodsFromColt","aggregate",19,0,66,0,10,0,2,0,0,0,12,0,8,0,25,6,0,0,123,Inf,1
"396","MethodsFromColt","aggregate",20,1,145,0,10,0,2,0,0,0,18,0,16,0,55,6,0,1,246,Inf,1
"397","MethodsFromColt","aggregate",21,0,28,0,5,0,1,0,0,0,3,0,0,0,10,5,0,0,47,Inf,1
"398","MethodsFromColt","aggregate",22,0,113,0,10,0,2,0,0,0,11,0,12,0,42,6,0,0,190,Inf,1
"399","MethodsFromColt","aggregate",23,0,82,0,10,0,2,0,0,1,10,0,8,0,30,6,0,1,142,Inf,0.99
"400","MethodsFromColt","aggregate",24,0,52,0,5,0,1,0,0,0,7,0,4,0,20,3,0,0,89,Inf,1
"401","MethodsFromColt","aggregate",25,0,22,0,5,0,1,0,0,0,4,0,4,0,11,3,0,0,47,Inf,1
"402","MethodsFromColt","aggregate",26,0,23,0,5,0,1,0,0,0,4,0,4,0,8,3,0,0,45,Inf,1
"403","MethodsFromColt","aggregate",27,0,14,0,5,0,1,0,0,0,5,0,0,0,2,3,0,0,27,Inf,1
"404","MethodsFromColt","aggregate",28,0,18,0,5,0,1,0,0,0,5,0,0,0,6,3,0,0,35,Inf,1
"405","MethodsFromColt","aggregate",29,0,0,0,0,0,0,0,0,0,0,0,0,0,0,0,0,0,0,NA,NA
"406","MethodsFromColt","aggregate",1,0,74,0,5,0,1,0,0,0,8,0,4,0,28,3,0,0,120,Inf,1
"407","MethodsFromColt","aggregate",2,0,60,0,18,0,3,0,0,0,9,0,0,0,14,34,0,0,104,Inf,1
"408","MethodsFromColt","aggregate",3,0,18,0,5,0,0,0,0,0,0,0,1,0,28,329,0,0,52,Inf,1
"409","MethodsFromColt","aggregate",4,0,42,0,5,0,1,0,0,0,5,0,4,0,16,3,0,0,73,Inf,1
"410","MethodsFromColt","aggregate",5,0,132,0,5,0,1,0,0,0,7,0,8,0,59,7,0,0,212,Inf,1
"411","MethodsFromColt","aggregate",6,0,26,0,12,0,2,0,0,0,4,0,0,0,9,4,0,0,53,Inf,1
"412","MethodsFromColt","aggregate",7,0,29,0,5,0,1,0,0,0,3,0,4,0,13,1,0,0,55,Inf,1
"413","MethodsFromColt","aggregate",8,0,26,0,12,0,2,0,0,0,4,0,0,0,9,4,0,0,53,Inf,1
"414","MethodsFromColt","aggregate",9,0,11,0,5,0,1,0,0,0,2,0,4,0,5,1,0,0,28,Inf,1
"415","MethodsFromColt","aggregate",10,0,94,0,14,0,2,0,0,0,9,0,0,0,37,0,0,0,156,Inf,1
"416","MethodsFromColt","aggregate",11,2,148,0,0,0,0,0,0,0,11,0,0,0,66,0,0,2,225,Inf,0.99
"417","MethodsFromColt","aggregate",12,0,79,0,0,0,0,0,0,0,5,0,0,0,30,0,0,0,114,Inf,1
"418","MethodsFromColt","aggregate",13,0,47,0,5,0,1,0,0,0,3,0,4,0,20,1,0,0,80,Inf,1
"419","MethodsFromColt","aggregate",14,0,12,0,5,0,1,0,0,0,3,0,4,0,4,3,0,0,29,Inf,1
"420","MethodsFromColt","aggregate",15,1,37,0,5,0,1,0,0,0,3,0,8,0,15,1,0,1,69,Inf,0.99
"421","MethodsFromColt","aggregate",16,0,64,0,17,0,2,0,0,0,11,0,0,0,21,21,0,0,115,Inf,1
"422","MethodsFromColt","aggregate",17,0,106,0,15,0,3,0,0,0,17,0,12,0,41,9,0,0,194,Inf,1
"423","MethodsFromColt","aggregate",18,0,121,0,10,0,2,0,0,0,11,0,12,0,49,6,0,0,205,Inf,1
"424","MethodsFromColt","aggregate",19,0,66,0,10,0,2,0,0,0,12,0,8,0,25,6,0,0,123,Inf,1
"425","MethodsFromColt","aggregate",20,0,146,0,10,0,2,0,0,0,18,0,16,0,55,6,0,0,247,Inf,1
"426","MethodsFromColt","aggregate",21,0,28,0,5,0,1,0,0,0,3,0,0,0,10,5,0,0,47,Inf,1
"427","MethodsFromColt","aggregate",22,0,113,0,10,0,2,0,0,0,11,0,12,0,42,6,0,0,190,Inf,1
"428","MethodsFromColt","aggregate",23,0,82,0,10,0,2,0,0,0,11,0,8,0,30,6,0,0,143,Inf,1
"429","MethodsFromColt","aggregate",24,0,52,0,5,0,1,0,0,0,7,0,4,0,20,3,0,0,89,Inf,1
"430","MethodsFromColt","aggregate",25,0,22,0,5,0,1,0,0,0,4,0,4,0,11,3,0,0,47,Inf,1
"431","MethodsFromColt","aggregate",26,0,23,0,5,0,1,0,0,0,4,0,4,0,8,3,0,0,45,Inf,1
"432","MethodsFromColt","aggregate",27,0,14,0,5,0,1,0,0,0,5,0,0,0,2,3,0,0,27,Inf,1
"433","MethodsFromColt","aggregate",28,0,18,0,5,0,1,0,0,0,5,0,0,0,6,3,0,0,35,Inf,1
"434","MethodsFromColt","aggregate",29,0,0,0,0,0,0,0,0,0,0,0,0,0,0,0,0,0,0,NA,NA
"435","MethodsFromApacheMath","aggregate",1,2,7,0,4,0,1,0,0,0,1,0,4,1,7,3,15,3,24,1.6,0.89
"436","MethodsFromApacheMath","aggregate",2,0,14,1,3,0,1,0,0,0,1,0,0,0,7,3,15,1,26,1.73333333333333,0.96
"437","MethodsFromApacheMath","aggregate",3,0,3,3,4,0,1,0,0,0,1,0,4,1,3,3,18,4,16,0.888888888888889,0.8
"438","MethodsFromApacheMath","aggregate",4,0,3,0,7,0,1,0,0,0,1,1,3,1,3,3,18,2,18,1,0.9
"439","MethodsFromApacheMath","aggregate",5,0,2,0,7,1,0,0,0,0,1,1,3,0,4,3,19,2,17,0.894736842105263,0.89
"440","MethodsFromApacheMath","aggregate",6,55,298,7,60,1,12,0,0,0,2,2,10,10,114,3,8,75,496,62,0.87
"441","MethodsFromApacheMath","aggregate",7,1,11,0,4,0,1,0,0,1,0,0,0,1,5,3,12,3,21,1.75,0.88
"442","MethodsFromApacheMath","aggregate",8,1,23,2,13,0,3,0,0,0,2,4,4,0,16,6,21,7,61,2.9047619047619,0.9
"443","MethodsFromApacheMath","aggregate",9,11,66,3,12,1,3,0,0,0,4,2,10,4,33,6,31,21,128,4.12903225806452,0.86
"444","MethodsFromApacheMath","aggregate",10,1,3,1,6,0,1,0,0,0,2,0,0,1,3,3,20,3,15,0.75,0.83
"445","MethodsFromApacheMath","aggregate",11,2,16,3,15,2,4,0,0,1,0,0,4,0,16,3,26,8,55,2.11538461538462,0.87
"446","MethodsFromApacheMath","aggregate",12,6,20,0,4,0,1,0,0,0,1,0,0,0,12,5,14,6,38,2.71428571428571,0.86
"447","MethodsFromApacheMath","aggregate",13,11,86,5,18,0,5,0,0,0,5,2,6,8,65,9,117,26,185,1.58119658119658,0.88
"448","MethodsFromApacheMath","aggregate",14,2,24,0,5,0,1,0,0,0,1,0,0,0,16,8,13,2,47,3.61538461538462,0.96
"449","MethodsFromApacheMath","aggregate",15,3,14,1,3,0,1,0,0,1,1,2,2,1,10,3,13,8,31,2.38461538461538,0.79
"450","MethodsFromApacheMath","aggregate",16,11,76,5,10,3,1,0,0,0,5,2,14,11,42,6,37,32,148,4,0.82
"451","MethodsFromApacheMath","aggregate",17,0,2,0,1,0,0,0,0,0,0,0,0,0,0,27,185,0,3,0.0162162162162162,1
"452","MethodsFromApacheMath","aggregate",18,0,4,0,3,0,1,0,0,0,2,0,0,0,5,8,26,0,15,0.576923076923077,1
"453","MethodsFromApacheMath","aggregate",1,2,7,0,4,0,1,0,0,0,1,0,4,1,7,3,15,3,24,1.6,0.89
"454","MethodsFromApacheMath","aggregate",2,0,14,1,3,0,1,0,0,0,1,0,0,0,7,3,15,1,26,1.73333333333333,0.96
"455","MethodsFromApacheMath","aggregate",3,0,3,3,4,0,1,0,0,0,1,0,4,1,3,3,18,4,16,0.888888888888889,0.8
"456","MethodsFromApacheMath","aggregate",4,0,3,0,7,0,1,0,0,0,1,1,3,1,3,3,18,2,18,1,0.9
"457","MethodsFromApacheMath","aggregate",5,0,2,0,7,1,0,0,0,0,1,1,3,0,4,3,19,2,17,0.894736842105263,0.89
"458","MethodsFromApacheMath","aggregate",6,55,298,7,60,1,12,0,0,0,2,2,10,10,114,3,8,75,496,62,0.87
"459","MethodsFromApacheMath","aggregate",7,1,11,0,4,0,1,0,0,1,0,0,0,1,5,3,12,3,21,1.75,0.88
"460","MethodsFromApacheMath","aggregate",8,1,23,2,13,0,3,0,0,0,2,4,4,0,16,6,21,7,61,2.9047619047619,0.9
"461","MethodsFromApacheMath","aggregate",9,11,66,3,12,1,3,0,0,0,4,2,10,4,33,6,31,21,128,4.12903225806452,0.86
"462","MethodsFromApacheMath","aggregate",10,1,3,1,6,0,1,0,0,0,2,0,0,1,3,3,20,3,15,0.75,0.83
"463","MethodsFromApacheMath","aggregate",11,2,16,3,15,2,4,0,0,1,0,0,4,0,16,3,26,8,55,2.11538461538462,0.87
"464","MethodsFromApacheMath","aggregate",12,6,20,0,4,0,1,0,0,0,1,0,0,0,12,5,14,6,38,2.71428571428571,0.86
"465","MethodsFromApacheMath","aggregate",13,11,86,5,18,0,5,0,0,0,5,2,6,8,65,9,117,26,185,1.58119658119658,0.88
"466","MethodsFromApacheMath","aggregate",14,2,24,0,5,0,1,0,0,0,1,0,0,0,16,8,13,2,47,3.61538461538462,0.96
"467","MethodsFromApacheMath","aggregate",15,3,14,1,3,0,1,0,0,1,1,2,2,1,10,3,13,8,31,2.38461538461538,0.79
"468","MethodsFromApacheMath","aggregate",16,11,76,5,10,3,1,0,0,0,5,2,14,11,42,6,37,32,148,4,0.82
"469","MethodsFromApacheMath","aggregate",17,0,2,0,1,0,0,0,0,0,0,0,0,0,0,27,185,0,3,0.0162162162162162,1
"470","MethodsFromApacheMath","aggregate",18,0,4,0,3,0,1,0,0,0,2,0,0,0,5,8,26,0,15,0.576923076923077,1
"471","MethodsFromApacheMath","aggregate",1,2,7,0,4,0,1,0,0,0,1,0,4,1,7,3,15,3,24,1.6,0.89
"472","MethodsFromApacheMath","aggregate",2,0,14,1,3,0,1,0,0,0,1,0,0,0,7,3,15,1,26,1.73333333333333,0.96
"473","MethodsFromApacheMath","aggregate",3,0,3,3,4,0,1,0,0,0,1,0,4,1,3,3,18,4,16,0.888888888888889,0.8
"474","MethodsFromApacheMath","aggregate",4,0,3,0,7,0,1,0,0,0,1,1,3,1,3,3,18,2,18,1,0.9
"475","MethodsFromApacheMath","aggregate",5,0,2,0,7,1,0,0,0,0,1,1,3,0,4,3,19,2,17,0.894736842105263,0.89
"476","MethodsFromApacheMath","aggregate",6,55,298,7,60,1,12,0,0,0,2,2,10,10,114,3,8,75,496,62,0.87
"477","MethodsFromApacheMath","aggregate",7,1,11,0,4,0,1,0,0,1,0,0,0,1,5,3,12,3,21,1.75,0.88
"478","MethodsFromApacheMath","aggregate",8,1,23,2,13,0,3,0,0,0,2,4,4,0,16,6,21,7,61,2.9047619047619,0.9
"479","MethodsFromApacheMath","aggregate",9,11,66,3,12,1,3,0,0,0,4,2,10,4,33,6,31,21,128,4.12903225806452,0.86
"480","MethodsFromApacheMath","aggregate",10,1,3,1,6,0,1,0,0,0,2,0,0,1,3,3,20,3,15,0.75,0.83
"481","MethodsFromApacheMath","aggregate",11,2,16,3,15,2,4,0,0,1,0,0,4,0,16,3,26,8,55,2.11538461538462,0.87
"482","MethodsFromApacheMath","aggregate",12,6,20,0,4,0,1,0,0,0,1,0,0,0,12,5,14,6,38,2.71428571428571,0.86
"483","MethodsFromApacheMath","aggregate",13,11,86,5,18,0,5,0,0,0,5,2,6,8,65,9,117,26,185,1.58119658119658,0.88
"484","MethodsFromApacheMath","aggregate",14,2,24,0,5,0,1,0,0,0,1,0,0,0,16,8,13,2,47,3.61538461538462,0.96
"485","MethodsFromApacheMath","aggregate",15,3,14,1,3,0,1,0,0,1,1,2,2,1,10,3,13,8,31,2.38461538461538,0.79
"486","MethodsFromApacheMath","aggregate",16,11,76,5,10,3,1,0,0,0,5,2,14,11,42,6,37,32,148,4,0.82
"487","MethodsFromApacheMath","aggregate",17,0,2,0,1,0,0,0,0,0,0,0,0,0,0,27,185,0,3,0.0162162162162162,1
"488","MethodsFromApacheMath","aggregate",18,0,4,0,3,0,1,0,0,0,2,0,0,0,5,8,26,0,15,0.576923076923077,1
"489","MethodsFromApacheMath","aggregate",1,1,8,0,4,0,1,0,0,0,1,0,4,1,7,3,15,2,25,1.66666666666667,0.93
"490","MethodsFromApacheMath","aggregate",2,3,11,0,4,0,1,0,0,0,1,0,0,3,4,3,15,6,21,1.4,0.78
"491","MethodsFromApacheMath","aggregate",3,0,2,1,6,0,1,0,0,1,0,0,4,1,3,3,19,3,16,0.842105263157895,0.84
"492","MethodsFromApacheMath","aggregate",4,0,4,2,5,0,1,0,0,0,1,0,4,0,4,3,17,2,19,1.11764705882353,0.9
"493","MethodsFromApacheMath","aggregate",5,0,2,2,5,1,0,0,0,0,1,0,4,1,3,3,19,4,15,0.789473684210526,0.79
"494","MethodsFromApacheMath","aggregate",6,49,305,9,58,3,10,0,0,0,2,1,11,16,108,3,7,78,494,70.5714285714286,0.86
"495","MethodsFromApacheMath","aggregate",7,0,12,1,3,0,1,0,0,0,1,0,0,0,6,3,12,1,23,1.91666666666667,0.96
"496","MethodsFromApacheMath","aggregate",8,0,23,4,11,0,3,0,0,0,2,3,5,0,16,6,22,7,60,2.72727272727273,0.9
"497","MethodsFromApacheMath","aggregate",9,14,60,3,12,0,4,0,0,0,4,2,10,4,33,6,34,23,123,3.61764705882353,0.84
"498","MethodsFromApacheMath","aggregate",10,0,3,1,6,1,0,0,0,1,1,0,0,2,2,3,21,5,12,0.571428571428571,0.71
"499","MethodsFromApacheMath","aggregate",11,3,15,3,15,3,3,0,0,1,0,1,3,3,13,3,26,14,49,1.88461538461538,0.78
"500","MethodsFromApacheMath","aggregate",12,5,21,0,5,0,1,0,0,0,1,0,0,2,9,5,14,7,37,2.64285714285714,0.84
"501","MethodsFromApacheMath","aggregate",13,9,89,1,22,0,4,0,0,1,4,0,8,8,65,9,117,19,192,1.64102564102564,0.91
"502","MethodsFromApacheMath","aggregate",14,5,21,0,5,0,1,0,0,0,1,0,0,0,16,8,13,5,44,3.38461538461538,0.9
"503","MethodsFromApacheMath","aggregate",15,0,17,0,4,0,1,0,0,0,2,0,4,1,10,3,13,1,38,2.92307692307692,0.97
"504","MethodsFromApacheMath","aggregate",16,11,76,5,10,0,4,0,0,2,3,3,13,9,44,6,37,30,150,4.05405405405405,0.83
"505","MethodsFromApacheMath","aggregate",17,0,1,0,1,0,0,0,0,0,0,0,0,0,0,28,185,0,2,0.0108108108108108,1
"506","MethodsFromApacheMath","aggregate",18,0,4,0,3,0,1,0,0,0,2,0,0,0,4,8,27,0,14,0.518518518518518,1
"507","MethodsFromApacheMath","aggregate",1,0,9,1,3,1,0,0,0,0,1,0,4,0,8,3,15,2,25,1.66666666666667,0.93
"508","MethodsFromApacheMath","aggregate",2,0,14,1,3,0,1,0,0,0,1,0,0,0,7,3,15,1,26,1.73333333333333,0.96
"509","MethodsFromApacheMath","aggregate",3,1,1,1,6,1,0,0,0,0,1,0,4,2,2,3,19,5,14,0.736842105263158,0.74
"510","MethodsFromApacheMath","aggregate",4,0,3,0,7,0,1,0,0,0,1,0,4,0,4,3,18,0,20,1.11111111111111,1
"511","MethodsFromApacheMath","aggregate",5,0,3,0,7,0,1,0,0,0,1,0,4,1,3,3,18,1,19,1.05555555555556,0.95
"512","MethodsFromApacheMath","aggregate",6,15,338,5,62,2,11,0,0,0,2,0,12,8,116,3,8,30,541,67.625,0.95
"513","MethodsFromApacheMath","aggregate",7,1,12,0,4,0,1,0,0,0,1,0,0,1,5,3,11,2,23,2.09090909090909,0.92
"514","MethodsFromApacheMath","aggregate",8,1,22,3,12,0,3,0,0,0,2,1,7,0,16,6,22,5,62,2.81818181818182,0.93
"515","MethodsFromApacheMath","aggregate",9,10,65,0,15,1,3,0,0,0,4,1,11,5,32,6,33,17,130,3.93939393939394,0.88
"516","MethodsFromApacheMath","aggregate",10,1,2,1,6,0,1,0,0,0,2,0,0,1,3,3,21,3,14,0.666666666666667,0.82
"517","MethodsFromApacheMath","aggregate",11,0,18,3,15,0,6,0,0,0,1,0,4,1,15,3,26,4,59,2.26923076923077,0.94
"518","MethodsFromApacheMath","aggregate",12,0,26,0,5,0,1,0,0,0,1,0,0,0,12,5,13,0,45,3.46153846153846,1
"519","MethodsFromApacheMath","aggregate",13,9,84,3,21,1,3,0,0,1,4,0,8,10,63,9,121,24,183,1.51239669421488,0.88
"520","MethodsFromApacheMath","aggregate",14,3,23,0,5,0,1,0,0,0,1,0,0,1,15,8,13,4,45,3.46153846153846,0.92
"521","MethodsFromApacheMath","aggregate",15,0,16,0,4,0,1,0,0,0,2,0,4,0,11,3,14,0,38,2.71428571428571,1
"522","MethodsFromApacheMath","aggregate",16,4,83,1,14,0,4,0,0,0,5,1,15,5,48,6,37,11,169,4.56756756756757,0.94
"523","MethodsFromApacheMath","aggregate",17,0,1,0,0,0,0,0,0,0,1,0,0,0,1,26,186,0,3,0.0161290322580645,1
"524","MethodsFromApacheMath","aggregate",18,0,3,0,3,0,1,0,0,0,2,0,0,0,5,8,27,0,14,0.518518518518518,1
"525","MethodsFromApacheMath","aggregate",1,0,9,0,4,0,1,0,0,0,1,0,4,0,8,3,15,0,27,1.8,1
"526","MethodsFromApacheMath","aggregate",2,0,14,0,4,0,1,0,0,0,1,0,0,0,7,3,15,0,27,1.8,1
"527","MethodsFromApacheMath","aggregate",3,0,2,0,7,0,1,0,0,0,1,0,4,0,4,3,19,0,19,1,1
"528","MethodsFromApacheMath","aggregate",4,1,2,0,7,0,1,0,0,0,1,0,4,0,4,3,18,1,19,1.05555555555556,0.95
"529","MethodsFromApacheMath","aggregate",5,0,2,0,7,0,1,0,0,0,1,0,4,0,4,3,19,0,19,1,1
"530","MethodsFromApacheMath","aggregate",6,5,349,3,64,0,13,0,0,0,2,1,11,2,122,3,7,11,561,80.1428571428571,0.98
"531","MethodsFromApacheMath","aggregate",7,0,13,0,4,0,1,0,0,0,1,0,0,0,6,3,11,0,25,2.27272727272727,1
"532","MethodsFromApacheMath","aggregate",8,4,20,0,15,0,3,0,0,0,2,0,8,0,16,6,21,4,64,3.04761904761905,0.94
"533","MethodsFromApacheMath","aggregate",9,0,74,0,15,0,4,0,0,0,4,0,12,1,36,6,34,1,145,4.26470588235294,0.99
"534","MethodsFromApacheMath","aggregate",10,0,4,0,7,0,1,0,0,0,2,0,0,0,4,3,20,0,18,0.9,1
"535","MethodsFromApacheMath","aggregate",11,0,18,1,17,0,6,0,0,0,1,0,4,0,16,3,26,1,62,2.38461538461538,0.98
"536","MethodsFromApacheMath","aggregate",12,0,26,0,4,0,1,0,0,0,1,0,0,0,12,5,14,0,44,3.14285714285714,1
"537","MethodsFromApacheMath","aggregate",13,2,94,0,23,0,5,0,0,0,6,0,8,0,73,9,117,2,209,1.78632478632479,0.99
"538","MethodsFromApacheMath","aggregate",14,1,25,0,5,0,1,0,0,0,1,0,0,0,16,8,13,1,48,3.69230769230769,0.98
"539","MethodsFromApacheMath","aggregate",15,1,17,0,4,0,1,0,0,0,2,0,4,0,11,3,12,1,39,3.25,0.97
"540","MethodsFromApacheMath","aggregate",16,3,84,0,15,0,4,0,0,0,5,0,16,0,53,6,37,3,177,4.78378378378378,0.98
"541","MethodsFromApacheMath","aggregate",17,0,1,0,0,0,0,0,0,0,0,0,0,0,0,27,186,0,1,0.00537634408602151,1
"542","MethodsFromApacheMath","aggregate",18,0,3,0,3,0,1,0,0,0,2,0,0,0,5,8,27,0,14,0.518518518518518,1
"543","MethodsFromApacheMath","aggregate",1,1,8,0,4,0,1,0,0,0,1,0,4,3,5,3,15,4,23,1.53333333333333,0.85
"544","MethodsFromApacheMath","aggregate",2,2,12,0,4,0,1,0,0,0,1,0,0,1,6,3,15,3,24,1.6,0.89
"545","MethodsFromApacheMath","aggregate",3,1,2,4,3,1,0,0,0,0,1,1,3,0,4,3,18,7,13,0.722222222222222,0.65
"546","MethodsFromApacheMath","aggregate",4,0,4,0,7,0,1,0,0,0,1,0,4,0,4,3,17,0,21,1.23529411764706,1
"547","MethodsFromApacheMath","aggregate",5,1,3,0,7,0,1,0,0,0,1,0,4,0,4,3,17,1,20,1.17647058823529,0.95
"548","MethodsFromApacheMath","aggregate",6,60,293,9,58,3,10,0,0,0,2,1,11,20,104,3,8,93,478,59.75,0.84
"549","MethodsFromApacheMath","aggregate",7,0,11,0,4,0,1,0,0,0,1,0,0,1,5,3,13,1,22,1.69230769230769,0.96
"550","MethodsFromApacheMath","aggregate",8,1,22,2,13,2,1,0,0,0,2,0,8,1,15,6,22,6,61,2.77272727272727,0.91
"551","MethodsFromApacheMath","aggregate",9,6,72,3,12,2,2,0,0,1,3,1,11,4,33,6,30,17,133,4.43333333333333,0.89
"552","MethodsFromApacheMath","aggregate",10,0,3,1,6,1,0,0,0,1,1,0,0,0,4,3,21,3,14,0.666666666666667,0.82
"553","MethodsFromApacheMath","aggregate",11,2,16,1,17,1,5,0,0,0,1,0,4,0,16,3,26,4,59,2.26923076923077,0.94
"554","MethodsFromApacheMath","aggregate",12,2,24,0,4,0,1,0,0,0,1,0,0,2,10,5,14,4,40,2.85714285714286,0.91
"555","MethodsFromApacheMath","aggregate",13,9,89,1,23,0,4,0,0,0,6,2,6,12,61,9,115,24,189,1.64347826086957,0.89
"556","MethodsFromApacheMath","aggregate",14,3,23,2,3,0,1,0,0,0,1,0,0,3,13,8,13,8,41,3.15384615384615,0.84
"557","MethodsFromApacheMath","aggregate",15,0,18,0,4,0,1,0,0,0,2,0,4,0,11,3,12,0,40,3.33333333333333,1
"558","MethodsFromApacheMath","aggregate",16,11,76,1,14,1,3,0,0,1,4,4,12,12,41,6,37,30,150,4.05405405405405,0.83
"559","MethodsFromApacheMath","aggregate",17,0,0,0,1,0,0,0,0,0,1,0,0,0,0,25,188,0,2,0.0106382978723404,1
"560","MethodsFromApacheMath","aggregate",18,0,3,0,3,0,1,0,0,0,2,0,0,0,5,8,27,0,14,0.518518518518518,1
"561","MethodsFromMahout","aggregate",1,7,2,4,0,1,0,0,0,1,0,3,1,7,1,3,15,23,4,0.266666666666667,0.15
"562","MethodsFromMahout","aggregate",2,26,2,14,0,2,0,0,0,1,0,0,0,17,0,24,9,60,2,0.222222222222222,0.03
"563","MethodsFromMahout","aggregate",3,69,3,18,0,3,0,0,0,1,0,12,0,35,4,3,34,138,7,0.205882352941176,0.05
"564","MethodsFromMahout","aggregate",4,6,2,0,0,0,0,0,0,0,2,1,1,3,1,0,2,10,6,3,0.38
"565","MethodsFromMahout","aggregate",5,4,0,7,0,1,0,0,0,1,0,1,1,4,0,3,18,18,1,0.0555555555555556,0.05
"566","MethodsFromMahout","aggregate",6,20,0,14,4,3,0,0,0,1,0,0,0,16,0,3,16,54,4,0.25,0.07
"567","MethodsFromMahout","aggregate",1,7,2,4,0,1,0,0,0,1,0,3,1,7,1,3,15,23,4,0.266666666666667,0.15
"568","MethodsFromMahout","aggregate",2,27,2,14,0,1,0,0,0,1,0,0,0,17,0,24,9,60,2,0.222222222222222,0.03
"569","MethodsFromMahout","aggregate",3,68,3,18,0,3,0,0,0,1,0,12,0,35,4,3,35,137,7,0.2,0.05
"570","MethodsFromMahout","aggregate",4,6,2,0,0,0,0,0,0,0,2,1,1,3,1,0,2,10,6,3,0.38
"571","MethodsFromMahout","aggregate",5,2,0,7,0,1,0,0,0,1,0,0,2,4,0,3,20,15,2,0.1,0.12
"572","MethodsFromMahout","aggregate",6,22,0,14,4,3,0,0,0,1,0,0,0,16,0,3,14,56,4,0.285714285714286,0.07
"573","MethodsFromMahout","aggregate",1,7,2,4,0,1,0,0,0,1,0,3,1,7,1,3,15,23,4,0.266666666666667,0.15
"574","MethodsFromMahout","aggregate",2,28,2,14,0,2,0,0,0,1,0,0,0,17,0,24,7,62,2,0.285714285714286,0.03
"575","MethodsFromMahout","aggregate",3,70,4,18,0,3,0,0,0,1,0,12,0,34,5,3,32,138,9,0.28125,0.06
"576","MethodsFromMahout","aggregate",4,6,2,0,0,0,0,0,0,0,2,1,1,3,1,0,2,10,6,3,0.38
"577","MethodsFromMahout","aggregate",5,2,0,7,0,1,0,0,0,1,0,1,1,4,0,3,20,16,1,0.05,0.06
"578","MethodsFromMahout","aggregate",6,21,0,14,4,3,0,0,0,1,0,0,0,16,0,3,15,55,4,0.266666666666667,0.07
"579","MethodsFromMahout","aggregate",1,8,1,4,0,1,0,0,0,1,0,3,1,8,0,3,15,25,2,0.133333333333333,0.07
"580","MethodsFromMahout","aggregate",2,28,2,14,0,2,0,0,0,1,0,0,0,17,0,24,7,62,2,0.285714285714286,0.03
"581","MethodsFromMahout","aggregate",3,64,5,18,0,3,0,0,0,1,0,12,0,35,4,3,37,133,9,0.243243243243243,0.06
"582","MethodsFromMahout","aggregate",4,6,2,0,0,0,0,0,0,0,2,1,1,3,1,0,2,10,6,3,0.38
"583","MethodsFromMahout","aggregate",5,3,0,7,0,1,0,0,0,1,0,0,2,4,0,3,19,16,2,0.105263157894737,0.11
"584","MethodsFromMahout","aggregate",6,21,0,14,4,3,0,0,0,1,0,0,0,16,0,3,15,55,4,0.266666666666667,0.07
"585","MethodsFromMahout","aggregate",1,7,2,4,0,1,0,0,0,1,0,3,1,7,1,3,15,23,4,0.266666666666667,0.15
"586","MethodsFromMahout","aggregate",2,26,2,14,0,2,0,0,0,1,0,0,0,17,0,24,9,60,2,0.222222222222222,0.03
"587","MethodsFromMahout","aggregate",3,69,4,18,0,3,0,0,0,1,0,12,0,34,5,3,33,137,9,0.272727272727273,0.06
"588","MethodsFromMahout","aggregate",4,6,2,0,0,0,0,0,0,0,2,1,1,3,1,0,2,10,6,3,0.38
"589","MethodsFromMahout","aggregate",5,4,0,7,0,1,0,0,0,1,0,1,1,4,0,3,18,18,1,0.0555555555555556,0.05
"590","MethodsFromMahout","aggregate",6,20,0,15,3,3,0,0,0,1,0,0,0,16,0,3,16,55,3,0.1875,0.05
"591","MethodsFromMahout","aggregate",1,8,1,4,0,1,0,0,0,1,0,3,1,7,1,3,15,24,3,0.2,0.11
"592","MethodsFromMahout","aggregate",2,27,2,14,0,2,0,0,0,1,0,0,0,17,0,24,8,61,2,0.25,0.03
"593","MethodsFromMahout","aggregate",3,65,4,18,0,3,0,0,0,1,0,12,0,35,4,3,37,134,8,0.216216216216216,0.06
"594","MethodsFromMahout","aggregate",4,6,2,0,0,0,0,0,0,0,2,1,1,3,1,0,2,10,6,3,0.38
"595","MethodsFromMahout","aggregate",5,3,0,7,0,1,0,0,0,1,0,1,1,4,0,3,19,17,1,0.0526315789473684,0.06
"596","MethodsFromMahout","aggregate",6,22,0,14,4,3,0,0,0,1,0,0,0,16,0,3,14,56,4,0.285714285714286,0.07
"597","MethodsFromMahout","aggregate",1,7,2,4,0,1,0,0,0,1,0,3,1,7,1,3,15,23,4,0.266666666666667,0.15
"598","MethodsFromMahout","aggregate",2,29,2,14,0,2,0,0,0,1,0,0,0,17,0,24,6,63,2,0.333333333333333,0.03
"599","MethodsFromMahout","aggregate",3,67,3,18,0,3,0,0,0,1,0,12,0,35,4,3,36,136,7,0.194444444444444,0.05
"600","MethodsFromMahout","aggregate",4,6,2,0,0,0,0,0,0,0,2,1,1,3,1,0,2,10,6,3,0.38
"601","MethodsFromMahout","aggregate",5,2,0,7,0,1,0,0,0,1,0,0,2,4,0,3,20,15,2,0.1,0.12
"602","MethodsFromMahout","aggregate",6,22,0,14,4,3,0,0,0,1,0,0,0,16,0,3,14,56,4,0.285714285714286,0.07
"603","MethodsFromMahout","aggregate",1,8,1,4,0,1,0,0,0,1,0,3,1,7,1,3,15,24,3,0.2,0.11
"604","MethodsFromMahout","aggregate",2,26,2,14,0,2,0,0,0,1,0,0,0,17,0,24,9,60,2,0.222222222222222,0.03
"605","MethodsFromMahout","aggregate",3,71,3,18,0,3,0,0,0,1,0,12,0,35,4,3,32,140,7,0.21875,0.05
"606","MethodsFromMahout","aggregate",4,6,2,0,0,0,0,0,0,0,2,1,1,3,1,0,2,10,6,3,0.38
"607","MethodsFromMahout","aggregate",5,4,0,7,0,1,0,0,0,1,0,0,1,4,0,3,19,17,1,0.0526315789473684,0.06
"608","MethodsFromMahout","aggregate",6,20,0,15,3,3,0,0,0,1,0,0,0,16,0,3,16,55,3,0.1875,0.05
"609","MethodsFromMahout","aggregate",1,7,2,4,0,1,0,0,0,1,0,3,1,8,0,3,15,24,3,0.2,0.11
"610","MethodsFromMahout","aggregate",2,26,2,14,0,2,0,0,0,1,0,0,0,17,0,24,9,60,2,0.222222222222222,0.03
"611","MethodsFromMahout","aggregate",3,70,4,18,0,3,0,0,0,1,0,12,0,35,4,3,32,139,8,0.25,0.05
"612","MethodsFromMahout","aggregate",4,6,2,0,0,0,0,0,0,0,2,1,1,3,1,0,2,10,6,3,0.38
"613","MethodsFromMahout","aggregate",5,3,0,7,0,1,0,0,0,1,0,1,1,4,0,3,19,17,1,0.0526315789473684,0.06
"614","MethodsFromMahout","aggregate",6,21,0,14,4,3,0,0,0,1,0,0,0,16,0,3,15,55,4,0.266666666666667,0.07
"615","MethodsFromMahout","aggregate",1,7,2,4,0,1,0,0,0,1,0,3,1,7,1,3,15,23,4,0.266666666666667,0.15
"616","MethodsFromMahout","aggregate",2,30,2,14,0,2,0,0,0,1,0,0,0,17,0,23,6,64,2,0.333333333333333,0.03
"617","MethodsFromMahout","aggregate",3,67,5,18,0,3,0,0,0,1,0,12,0,35,4,3,34,136,9,0.264705882352941,0.06
"618","MethodsFromMahout","aggregate",4,6,2,0,0,0,0,0,0,0,2,1,1,3,1,0,2,10,6,3,0.38
"619","MethodsFromMahout","aggregate",5,2,0,7,0,1,0,0,0,1,0,0,2,4,0,3,20,15,2,0.1,0.12
"620","MethodsFromMahout","aggregate",6,19,0,14,4,3,0,0,0,1,0,0,0,16,0,3,17,53,4,0.235294117647059,0.07
